{
   "addresses":[
      {
         "clientID":"41112",
         "companyName":"RIST DEL MORO DI ACAMPORA G. & C. SAS",
         "address":"PIAZZA GUGLIELMO MARCONI 4",
         "zip":"15040",
         "city":"OCCIMIANO",
         "state":"AL",
         "country code":"IT"
      },
      {
         "clientID":"41176",
         "companyName":"G. DI MASI di DI MASI FRANCO & C. SAS",
         "companyName2":"RISTORANTE",
         "address":"VIA S. ALFONSO, 88",
         "zip":"83040",
         "city":"CAPOSELE",
         "state":"AV",
         "country code":"IT"
      },
      {
         "clientID":"40094",
         "companyName":"FONTANAROSA RESIDENCE SAS",
         "address":"C.DA PEZZA MASTRILLO 16",
         "zip":"83040",
         "city":"FONTANAROSA",
         "state":"AV",
         "country code":"IT"
      },
      {
         "clientID":"40038",
         "companyName":"D'AMBROSIO ANTONIO",
         "companyName2":"NON SOLO PIZZA",
         "address":"VIA LAURETA SNC",
         "zip":"83036",
         "city":"MIRABELLA ECLANO",
         "state":"AV",
         "country code":"IT"
      },
      {
         "clientID":"40995",
         "companyName":"IL RICCIO SRL",
         "address":"VIA PEZZA SAN VITO, 1",
         "zip":"83036",
         "city":"MIRABELLA ECLANO",
         "state":"AV",
         "country code":"IT"
      },
      {
         "clientID":"41230",
         "companyName":"RIST. ALL'ARCO di SAN MICHELE SNC",
         "companyName2":"di MARCO CONFORTI & C.",
         "address":"VIA PETRARA SNC - TORCHIATI",
         "zip":"83025",
         "city":"MONTORO SUPERIORE",
         "state":"AV",
         "country code":"IT"
      },
      {
         "clientID":"41055",
         "companyName":"IRPINIA AVANTI SOC. COOP. SOCIALE",
         "address":"PIAZZA GIORDANO BRUNO",
         "zip":"83056",
         "city":"TEORA",
         "state":"AV",
         "country code":"IT"
      },
      {
         "clientID":"40014",
         "companyName":"3 EMME SRL",
         "address":"VIA MARCONI, 65",
         "zip":"24010",
         "city":"SORISOLE",
         "state":"BG",
         "country code":"IT"
      },
      {
         "clientID":"40702",
         "companyName":"WANG LIFEN",
         "companyName2":"KUMO RISTORANTE GIAPPONESE",
         "address":"VIALE PRINCIPE DI NAPOLI, 22-24-26",
         "zip":"82100",
         "city":"BENEVENTO",
         "state":"BN",
         "country code":"IT"
      },
      {
         "clientID":"41310",
         "companyName":"CARACCIO MARIANTONIETTA",
         "companyName2":"AZ. AGR. TAVERNA DEL MARCHESE",
         "address":"Contrada Marchese, 8",
         "zip":"82020",
         "city":"SAN GIORGIO LA MOLARA",
         "state":"BN",
         "country code":"IT"
      },
      {
         "clientID":"41288",
         "companyName":"LA LUCE SUL LAGO SRLS",
         "address":"VIA MARCHESINI, 1",
         "zip":"25080",
         "city":"MANERBA DEL GARDA",
         "state":"BS",
         "country code":"IT"
      },
      {
         "clientID":"41266",
         "companyName":"MIFA SRLS",
         "address":"VIA ENRICO TOTI, 48",
         "zip":"81033",
         "city":"CASAL DI PRINCIPE",
         "state":"CE",
         "country code":"IT"
      },
      {
         "clientID":"40041",
         "companyName":"LA FIASCHETTA di LUONGO ANTONELLA",
         "address":"VIA VILLANOVA, 28",
         "zip":"81013",
         "city":"PIANA DI MONTE VERNA",
         "state":"CE",
         "country code":"IT"
      },
      {
         "clientID":"40004",
         "companyName":"COMMERCIALE DOMAG SRL",
         "address":"VIA NAZ. APPIA -Loc. PONTICELLO Zona PIP",
         "zip":"81050",
         "city":"SAN TAMMARO",
         "state":"CE",
         "country code":"IT"
      },
      {
         "clientID":"40928",
         "companyName":"WHEN IN ROME WINE LTD",
         "companyName2":"c\/o Studio 1, Halliday's Mill",
         "address":"LONDON ROAD - CHALFORD -",
         "zip":"GL6",
         "city":"8RN STROUD- Gloucestershire",
         "state":"GB",
         "country code":"GB"
      },
      {
         "clientID":"41195",
         "companyName":"ELBE’ di BARONE PASQUALE",
         "address":"VIA ROMA, 27",
         "zip":"57034",
         "city":"CAMPO NELL'ELBA",
         "state":"LI",
         "country code":"IT"
      },
      {
         "clientID":"41282",
         "companyName":"ENOT.ELBA WINE di FRANCESCA BUONGIOVANNI",
         "address":"VIA DONIZETTI, 6 - FRAZ. MARINA DI CAMPO",
         "zip":"57034",
         "city":"CAMPO NELL'ELBA (ISOLA D'ELBA)",
         "state":"LI",
         "country code":"IT"
      },
      {
         "clientID":"41259",
         "companyName":"TRATTORIA NONNA ISOLA di FACCENDA ENRICO",
         "address":"VIA AURELIA N. 556\/558",
         "zip":"57016",
         "city":"CASTIGLIONCELLO",
         "state":"LI",
         "country code":"IT"
      },
      {
         "clientID":"41265",
         "companyName":"BAR SIRENA SAS DI MELONI FILIPPO & C.",
         "address":"CORSO MAZZINI 306",
         "zip":"57100",
         "city":"LIVORNO",
         "state":"LI",
         "country code":"IT"
      },
      {
         "clientID":"41270",
         "companyName":"SALATTI INGRO IMPORT SRL",
         "address":"VIA P.N. MAGRI, 9",
         "zip":"57121",
         "city":"LIVORNO",
         "state":"LI",
         "country code":"IT"
      },
      {
         "clientID":"41268",
         "companyName":"BAR RISTOR. ALITHAI di UMBERTO IERVOLINO",
         "address":"LOC. MAGAZZINI",
         "zip":"57037",
         "city":"PORTOFERRAIO",
         "state":"LI",
         "country code":"IT"
      },
      {
         "clientID":"41300",
         "companyName":"RUSSO ILARIA & C. SAS",
         "companyName2":"C'ERA UNA VOLTA TOTO' E PEPPINO",
         "address":"VIA GARIBALDI, 37",
         "zip":"57037",
         "city":"PORTOFERRAIO",
         "state":"LI",
         "country code":"IT"
      },
      {
         "clientID":"41325",
         "companyName":"G.A.F. SRLS - A DU' DON SALVATORE",
         "address":"VIA ANNUNZIATA, 68",
         "zip":"04024",
         "city":"GAETA",
         "state":"LT",
         "country code":"IT"
      },
      {
         "clientID":"41319",
         "companyName":"RIK'S BAR di BERNARDI SILVIA & C. SAS",
         "address":"VIA PAOLINELLI, 31",
         "zip":"55014",
         "city":"MARLIA",
         "state":"LU",
         "country code":"IT"
      },
      {
         "clientID":"40582",
         "companyName":"BOTTIGLIERIA LUCCHESI SNC",
         "address":"VIA CAIROLI, 95",
         "zip":"55049",
         "city":"VIAREGGIO",
         "state":"LU",
         "country code":"IT"
      },
      {
         "clientID":"41129",
         "companyName":"LARA SAS DI PALA SALVATORE & C.",
         "companyName2":"CASA LARA",
         "address":"VIA ALCIDE DE GASPERI",
         "zip":"20083",
         "city":"GAGGIANO",
         "state":"MI",
         "country code":"IT"
      },
      {
         "clientID":"40606",
         "companyName":"PASSIONE SRL",
         "address":"VIA GIACOMO BONI, 33",
         "zip":"20144",
         "city":"MILANO",
         "state":"MI",
         "country code":"IT"
      },
      {
         "clientID":"40629",
         "companyName":"MILANOVINO SRL",
         "address":"VIA SAVONA, 7",
         "zip":"20144",
         "city":"MILANO",
         "state":"MI",
         "country code":"IT"
      },
      {
         "clientID":"41080",
         "companyName":"DIELLE GROUP SRLS",
         "address":"VIA RUBENS, 19",
         "zip":"20148",
         "city":"MILANO",
         "state":"MI",
         "country code":"IT"
      },
      {
         "clientID":"41257",
         "companyName":"BAR FUSINA  di CRESCENTE NICOLA",
         "address":"PIAZZA FUSINA N.1",
         "zip":"20133",
         "city":"MILANO",
         "state":"MI",
         "country code":"IT"
      },
      {
         "clientID":"41297",
         "companyName":"PEREGO MAURO",
         "address":"VIA CLERICETTI, 36",
         "zip":"20133",
         "city":"MILANO",
         "state":"MI",
         "country code":"IT"
      },
      {
         "clientID":"41329",
         "companyName":"STEROGEL S.A.S. di ESPOSITO ROBERTO & ST",
         "address":"VIALE MONZA, 116",
         "zip":"20127",
         "city":"MILANO",
         "state":"MI",
         "country code":"IT"
      },
      {
         "clientID":"40115",
         "companyName":"SAAD ALASHA& C. SAS RIST.NUMBER ONE",
         "address":"VIA FIRENZE 41",
         "zip":"20099",
         "city":"SESTO SAN GIOVANNI",
         "state":"MI",
         "country code":"IT"
      },
      {
         "clientID":"41256",
         "companyName":"ARIMONTI ANTONIO",
         "companyName2":"INGROSSO ALIMENTARI",
         "address":"VIA COMMENDA 71 INT. 15",
         "zip":"41013",
         "city":"CASTELFRANCO EMILIA",
         "state":"MO",
         "country code":"IT"
      },
      {
         "clientID":"41165",
         "companyName":"ARBACE ALESSANDRO",
         "address":"PIAZZA UMBERTO I, 4",
         "zip":"80037",
         "city":"CAPRI",
         "state":"NA",
         "country code":"IT"
      },
      {
         "clientID":"41228",
         "companyName":"MG SERVICE SRLS",
         "address":"VIA NINO BIXIO ,6",
         "zip":"80025",
         "city":"CASANDRINO",
         "state":"NA",
         "country code":"IT"
      },
      {
         "clientID":"40706",
         "companyName":"GEN.AL S.A.S. DI ESPOSITO VINCENZO",
         "companyName2":"LE CHARCUTERIE",
         "address":"VIA BENEDETTO CROCE, 43",
         "zip":"80134",
         "city":"NAPOLI",
         "state":"NA",
         "country code":"IT"
      },
      {
         "clientID":"41280",
         "companyName":"DISTRIBUZIONE S & G SAS di STORACE",
         "address":"VIA FEDERICO FELLINI, 2",
         "zip":"80029",
         "city":"SANT'ANTIMO",
         "state":"NA",
         "country code":"IT"
      },
      {
         "clientID":"40742",
         "companyName":"SICIGNANO DOMENICO",
         "address":"VIA MARNA, 83",
         "zip":"80057",
         "city":"SANT'ANTONIO ABATE",
         "state":"NA",
         "country code":"IT"
      },
      {
         "clientID":"41223",
         "companyName":"IL GIARDINIERE di  LUMIA GIUSEPPE",
         "companyName2":"WINE-ALL",
         "address":"VIA GARIBALDI, 49",
         "zip":"35020",
         "city":"PONTE SAN NICOLO'",
         "state":"PD",
         "country code":"IT"
      },
      {
         "clientID":"41063",
         "companyName":"POLO SPA",
         "address":"VIA SAN BENEDETTO, 44\/A - Z.I.",
         "zip":"35037",
         "city":"TEOLO",
         "state":"PD",
         "country code":"IT"
      },
      {
         "clientID":"41216",
         "companyName":"RISTORO LE TERME DI SAN GALIGANO SRL",
         "address":"VIA SAN GALIGANO, 134",
         "zip":"06123",
         "city":"PERUGIA",
         "state":"PG",
         "country code":"IT"
      },
      {
         "clientID":"41219",
         "companyName":"BAR IL CIRCOLO di BALLINI ANNAMARIA",
         "address":"VIA G. MATTEOTTI, 119",
         "zip":"56040",
         "city":"CENAIA",
         "state":"PI",
         "country code":"IT"
      },
      {
         "clientID":"41250",
         "companyName":"IL GASTRONOMO SNC di DI ESPOSITO F. & c.",
         "address":"VIA DANTE ALIGHIERI,  82 - LOC. CAPANNE",
         "zip":"56020",
         "city":"MONTOPOLI IN VAL D' ARNO",
         "state":"PI",
         "country code":"IT"
      },
      {
         "clientID":"41169",
         "companyName":"MA.GIA. SRL",
         "companyName2":"Ristorante GULLIVER",
         "address":"VIALE DEL TIRRENO, 153",
         "zip":"56128",
         "city":"TIRRENIA",
         "state":"PI",
         "country code":"IT"
      },
      {
         "clientID":"41295",
         "companyName":"SOCIETÀ IMMOBILIARE ALBERGHI SRL",
         "companyName2":"GRAND HOTEL GOLF",
         "address":"VIA DELL' EDERA, 29",
         "zip":"56128",
         "city":"TIRRENIA",
         "state":"PI",
         "country code":"IT"
      },
      {
         "clientID":"41241",
         "companyName":"I DUE MASTRI SNC di SETTESOLDI CRISTIANO",
         "address":"VIA ENRICO DE NICOLA, 34",
         "zip":"59013",
         "city":"MONTEMURLO",
         "state":"PO",
         "country code":"IT"
      },
      {
         "clientID":"40443",
         "companyName":"PACINI PIERO DI PACINI IACOPO &C. SNC",
         "address":"VIA VILLA SNC",
         "zip":"51019",
         "city":"PONTE BUGGIANESE",
         "state":"PT",
         "country code":"IT"
      },
      {
         "clientID":"41000",
         "companyName":"G.D.A. SERVICE SRL",
         "address":"VIA BUTTARELLI, N. 22",
         "zip":"00044",
         "city":"FRASCATI",
         "state":"RM",
         "country code":"IT"
      },
      {
         "clientID":"41315",
         "companyName":"NEXT POINT SRLS",
         "address":"VIA CAMPO SELVA, 17",
         "zip":"00070",
         "city":"POMEZIA",
         "state":"RM",
         "country code":"IT"
      },
      {
         "clientID":"41252",
         "companyName":"TAVOLA FARNESIANA SRL",
         "address":"VIA UMBRIA, 7",
         "zip":"00186",
         "city":"ROMA",
         "state":"RM",
         "country code":"IT"
      },
      {
         "clientID":"41273",
         "companyName":"LOUIS CYPHRE SRLS",
         "address":"VIA GASPERINA, 188",
         "zip":"00173",
         "city":"ROMA",
         "state":"RM",
         "country code":"IT"
      },
      {
         "clientID":"41277",
         "companyName":"NADIA E LAURA PIETROMARCHI SRLS",
         "address":"VIALE BEATA VERGINE DEL CARMELO, 13",
         "zip":"00144",
         "city":"ROMA",
         "state":"RM",
         "country code":"IT"
      },
      {
         "clientID":"41278",
         "companyName":"ENOTECA L'AGRIFOGLIO SRLS",
         "address":"VIA GUIDO CASTELNUOVO, 2",
         "zip":"00146",
         "city":"ROMA",
         "state":"RM",
         "country code":"IT"
      },
      {
         "clientID":"41284",
         "companyName":"CASTRONI A VIALE MARCONI SRL",
         "address":"VIALE GUGLIELMO MARCONI, 102\/106",
         "zip":"00146",
         "city":"ROMA",
         "state":"RM",
         "country code":"IT"
      },
      {
         "clientID":"41291",
         "companyName":"UN TOCCO IN PIU' SRLS",
         "address":"PIAZZA G. DA VERRAZZANO, 34\/35",
         "zip":"00154",
         "city":"ROMA",
         "state":"RM",
         "country code":"IT"
      },
      {
         "clientID":"41302",
         "companyName":"FAUSTINI FRANCESCA",
         "address":"VIA SARSINA 101\/101A",
         "zip":"00127",
         "city":"ROMA",
         "state":"RM",
         "country code":"IT"
      },
      {
         "clientID":"41306",
         "companyName":"VICE s.r.l.",
         "address":"VIA BELFIORE, 93",
         "zip":"45020",
         "city":"VILLANOVA DEL GHEBBO",
         "state":"RO",
         "country code":"IT"
      },
      {
         "clientID":"40253",
         "companyName":"MAGIC HOTEL di MARINO ANTONIO",
         "address":"VIA MAGLIANELLO, 13",
         "zip":"84030",
         "city":"ATENA LUCANA",
         "state":"SA",
         "country code":"IT"
      },
      {
         "clientID":"41340",
         "companyName":"SEZIONE ASSOCIAZ. ARBITRI di BATTIPAGLIA",
         "address":"VIA RAVENNA, 6",
         "zip":"84091",
         "city":"BATTIPAGLIA",
         "state":"SA",
         "country code":"IT"
      },
      {
         "clientID":"41320",
         "companyName":"AMANTI SRL",
         "address":"VIA A. VESPUCCI, 50",
         "zip":"84092",
         "city":"BELLIZZI",
         "state":"SA",
         "country code":"IT"
      },
      {
         "clientID":"41286",
         "companyName":"RICCO GROUP SRL",
         "address":"VIA ORESTE LEONARDI 1",
         "zip":"84025",
         "city":"EBOLI",
         "state":"SA",
         "country code":"IT"
      },
      {
         "clientID":"41187",
         "companyName":"IL QUADRIFOGLIO SRL",
         "companyName2":"GESTIONE HOTEL SANTA CATERINA",
         "address":"VIA ANTINORI, 2",
         "zip":"84084",
         "city":"FISCIANO",
         "state":"SA",
         "country code":"IT"
      },
      {
         "clientID":"41242",
         "companyName":"TRATTORIA SANT'ANTONIO SRLS",
         "address":"VIA ROMA, 20",
         "zip":"84095",
         "city":"GIFFONI VALLE PIANA",
         "state":"SA",
         "country code":"IT"
      },
      {
         "clientID":"41304",
         "companyName":"IL TRIDENTE SAS DI CAPONE MICHELE & C.",
         "companyName2":"RIST. NETTUNO",
         "address":"VIA G. CAPONE, 1",
         "zip":"84010",
         "city":"MAIORI",
         "state":"SA",
         "country code":"IT"
      },
      {
         "clientID":"41298",
         "companyName":"VICIDOMINI SRL",
         "address":"VIA G. ORLANDO, 43\/47",
         "zip":"84014",
         "city":"NOCERA INFERIORE",
         "state":"SA",
         "country code":"IT"
      },
      {
         "clientID":"40266",
         "companyName":"HOTEL CONCA D'ORO SAS",
         "address":"VIA BOSCARIELLO, 16",
         "zip":"84017",
         "city":"POSITANO",
         "state":"SA",
         "country code":"IT"
      },
      {
         "clientID":"41272",
         "companyName":"FUSCO PASQUALE & C. SAS",
         "address":"VIA MONS. SAVERIO CINQUE, 9",
         "zip":"84017",
         "city":"POSITANO",
         "state":"SA",
         "country code":"IT"
      },
      {
         "clientID":"40927",
         "companyName":"PROSIT SRL",
         "address":"VIALE BERLINGUER, 1",
         "zip":"84086",
         "city":"ROCCAPIEMONTE",
         "state":"SA",
         "country code":"IT"
      },
      {
         "clientID":"41178",
         "companyName":"OSTERIA DEI MERCANTI di SAVIANI VINCENZO",
         "companyName2":"RISTORANTE",
         "address":"VIA DEI MERCANTI, 83\/85",
         "zip":"84121",
         "city":"SALERNO",
         "state":"SA",
         "country code":"IT"
      },
      {
         "clientID":"41279",
         "companyName":"DOLCI RICORDI di CIRO ASCIONE",
         "address":"VIA MERCANTI, 109",
         "zip":"84121",
         "city":"SALERNO",
         "state":"SA",
         "country code":"IT"
      },
      {
         "clientID":"41330",
         "companyName":"GALANO RAFFAELE PROF.",
         "address":"PIAZZA 24 MAGGIO, 21",
         "zip":"84122",
         "city":"SALERNO",
         "state":"SA",
         "country code":"IT"
      },
      {
         "clientID":"41322",
         "companyName":"ANTICHI SAPORI SRL UNIPERSONALE",
         "address":"VIA DANTE ALIGHIERI, 163",
         "zip":"84018",
         "city":"SCAFATI",
         "state":"SA",
         "country code":"IT"
      },
      {
         "clientID":"40009",
         "companyName":"RIST. PASCALO' SAS di VITALE & C.",
         "address":"VIA GIUSEPPE PELLEGRINO, 154",
         "zip":"84019",
         "city":"VIETRI SUL MARE",
         "state":"SA",
         "country code":"IT"
      },
      {
         "clientID":"41260",
         "companyName":"NONSOLOVINO SAS di GUERRANTI & C.",
         "address":"STRADA DEI LAGHI, 38",
         "zip":"53035",
         "city":"MONTERIGGIONI",
         "state":"SI",
         "country code":"IT"
      },
      {
         "clientID":"41312",
         "companyName":"DOPPIA G SRL",
         "address":"STRADA DEL GIUBILEO 2",
         "zip":"53035",
         "city":"MONTERIGGIONI",
         "state":"SI",
         "country code":"IT"
      },
      {
         "clientID":"41261",
         "companyName":"TAGII RESTAURANT di INGROSSO ANTONIO",
         "address":"VIA DUOMO, 285",
         "zip":"74123",
         "city":"TARANTO",
         "state":"TA",
         "country code":"IT"
      },
      {
         "clientID":"41323",
         "companyName":"DREAM BIG S.R.L. - RISTORANTE RUBINO",
         "address":"VIA LANZO, 163",
         "zip":"10071",
         "city":"BORGARO",
         "state":"TO",
         "country code":"IT"
      },
      {
         "clientID":"41314",
         "companyName":"ROXY BAR di RANDAZZO ALFREDO",
         "address":"LARGO OROPA, 4",
         "zip":"10040",
         "city":"DRUENTO",
         "state":"TO",
         "country code":"IT"
      },
      {
         "clientID":"40518",
         "companyName":"LEONE SAS di LEONE NUNZIA & C.",
         "address":"VIA SETTIMO, 224 A",
         "zip":"10040",
         "city":"LEINI",
         "state":"TO",
         "country code":"IT"
      },
      {
         "clientID":"41305",
         "companyName":"VERTIGO SRL",
         "address":"VIA TORINO, 29",
         "zip":"10044",
         "city":"PIANEZZA",
         "state":"TO",
         "country code":"IT"
      },
      {
         "clientID":"41307",
         "companyName":"GARBO SNC di PEROSINO & PUCCI",
         "address":"CORSO ITALIA, 18",
         "zip":"10040",
         "city":"PIOBESI TORINESE",
         "state":"TO",
         "country code":"IT"
      },
      {
         "clientID":"41283",
         "companyName":"REDI SNC di INFASCELLI e DE CESARE",
         "address":"VIA CATANIA, 9\/A",
         "zip":"10153",
         "city":"TORINO",
         "state":"TO",
         "country code":"IT"
      },
      {
         "clientID":"41301",
         "companyName":"LA FENICE SRL",
         "companyName2":"PIZZERIA",
         "address":"CORSO SAN MAURIZIO, 34\/B",
         "zip":"10124",
         "city":"TORINO",
         "state":"TO",
         "country code":"IT"
      },
      {
         "clientID":"40703",
         "companyName":"OSCELLA SRL",
         "address":"VIA SIBERIA, 2",
         "zip":"28845",
         "city":"DOMODOSSOLA",
         "state":"VB",
         "country code":"IT"
      },
      {
         "clientID":"41321",
         "companyName":"WINE COUNTRY INTERNATIONAL INC.",
         "companyName2":"DBA WINE TWIST IMPORT",
         "address":"1620W OAKLAND PARK BLVD",
         "city":"OAKLAND PARK, FL33311 (USA)",
         "state":"other",
         "country code":"US"
      },
      {
         "clientID":"40612",
         "companyName":"FRANCOLI USA Inc.",
         "address":"17853 SANTIAGO BLVD, SUITE 107\/138",
         "zip":"92861",
         "city":"VILLA PARK (CALIFORNIA ) (USA)",
         "state":"other",
         "country code":"US"
      },
      {
         "clientID":"40108",
         "companyName":"N.M. ARRIGO LTD",
         "address":"MRIEHEL BY-PASS - BIRKIRKARA",
         "zip":"BKR",
         "city":"3000  LA VALLETTA",
         "state":"other",
         "country code":"MALTA"
      },
      {
         "clientID":"40609",
         "companyName":"OPIMIUS AB",
         "address":"BLOMSTERGARDEN, 14",
         "zip":"23642",
         "city":"HJARUP  (SWEDEN)",
         "state":"other",
         "country code":"SVEZIA"
      },
      {
         "clientID":"41309",
         "companyName":"CONVENIENCE FOODS SPÓLKA Z O.O.",
         "address":"ul. SAMUELA BOGUMILA LINDEGO 1C",
         "city":"30-148 Kraków (POLONIA)",
         "state":"other",
         "country code":"POLONIA"
      },
      {
         "clientID":"413091",
         "companyName":"VOS SELECTIONS",
         "address":"55 8th Ave Suite 1209\t\t\t\t",
         "city":"New York , NY 10018",
         "state":"other",
         "country code":"USA"
      },
      {
         "clientID":"413092",
         "companyName":"CLASSIC WINES OF CALIFORNIA",
         "address":"6342 BYSTRUM ROAD",
         "city":"95307 CERES (CALIFORNIA) - USA",
         "state":"other",
         "country code":"USA"
      }
   ]
}